[
  {
    "selector": "[tour-step=\"header\"]",
    "step": 1,
    "title": "Heading",
    "content": "This is the heading content"
  },
  {
    "selector": "[tour-step=\"start\"]",
    "step": 2,
    "title": "Start Button",
    "content": "Click here to start the tour."
  },
  {
    "selector": "[tour-step=\"cart\"]",
    "step": 3,
    "title": "Your cart",
    "content": "Example cart description text displays cart description"
  },
  {
    "selector": "[tour-step=\"code\"]",
    "step": 4,
    "title": "Promo code",
    "content": "Example cart promo code text displays promo code description."
  },
  {
    "selector": "[tour-step=\"customer\"]",
    "step": 5,
    "title": "Customer name",
    "content": "Example cart customer name text displays customer name description"
  },
  {
    "selector": "[tour-step=\"payment\"]",
    "step": 6,
    "title": "Payment",
    "content": "Example cart Payment text displays Payment description"
  },
  {
    "selector": "[tour-step=\"submit\"]",
    "step": 7,
    "title": "Continue",
    "content": "Example cart continue button text displays continue button description"
  }
]
